{
  "v": 3,
  "stories": {
    "branding-color--color": {
      "id": "branding-color--color",
      "name": "Color",
      "title": "Branding/Color",
      "importPath": "./stories/brand/Color/Color.stories.tsx",
      "kind": "Branding/Color",
      "story": "Color",
      "parameters": {
        "fileName": "./stories/brand/Color/Color.stories.tsx",
        "framework": "react",
        "__id": "branding-color--color",
        "__isArgsStory": false
      }
    },
    "utils-space--default": {
      "id": "utils-space--default",
      "name": "Default",
      "title": "Utils/Space",
      "importPath": "./stories/brand/Space/Space.stories.tsx",
      "kind": "Utils/Space",
      "story": "Default",
      "parameters": {
        "fileName": "./stories/brand/Space/Space.stories.tsx",
        "framework": "react",
        "__id": "utils-space--default",
        "__isArgsStory": true
      }
    },
    "utils-stringtemplate--default": {
      "id": "utils-stringtemplate--default",
      "name": "Default",
      "title": "Utils/StringTemplate",
      "importPath": "./stories/brand/StringTemplate/StringTemplate.stories.tsx",
      "kind": "Utils/StringTemplate",
      "story": "Default",
      "parameters": {
        "fileName": "./stories/brand/StringTemplate/StringTemplate.stories.tsx",
        "framework": "react",
        "__id": "utils-stringtemplate--default",
        "__isArgsStory": true
      }
    },
    "utils-typography--default": {
      "id": "utils-typography--default",
      "name": "Default",
      "title": "Utils/Typography",
      "importPath": "./stories/brand/Typography/Typography.stories.tsx",
      "kind": "Utils/Typography",
      "story": "Default",
      "parameters": {
        "fileName": "./stories/brand/Typography/Typography.stories.tsx",
        "framework": "react",
        "__id": "utils-typography--default",
        "__isArgsStory": true
      }
    },
    "class-name-verifier-user-guide--user-guide": {
      "id": "class-name-verifier-user-guide--user-guide",
      "name": "User Guide",
      "title": "Class Name Verifier/User Guide",
      "importPath": "./stories/classNameVerifier/userGuide/User Guide.stories.tsx",
      "kind": "Class Name Verifier/User Guide",
      "story": "User Guide",
      "parameters": {
        "fileName": "./stories/classNameVerifier/userGuide/User Guide.stories.tsx",
        "framework": "react",
        "__id": "class-name-verifier-user-guide--user-guide",
        "__isArgsStory": false
      }
    },
    "components-arrowtab--arrow-tab-primary": {
      "id": "components-arrowtab--arrow-tab-primary",
      "name": "Arrow Tab Primary",
      "title": "Components/ArrowTab",
      "importPath": "./stories/components/ArrowTab/ArrowTab.stories.tsx",
      "kind": "Components/ArrowTab",
      "story": "Arrow Tab Primary",
      "parameters": {
        "fileName": "./stories/components/ArrowTab/ArrowTab.stories.tsx",
        "framework": "react",
        "__id": "components-arrowtab--arrow-tab-primary",
        "__isArgsStory": true
      }
    },
    "components-banner--banner-primary": {
      "id": "components-banner--banner-primary",
      "name": "Banner Primary",
      "title": "Components/Banner",
      "importPath": "./stories/components/Banner/Banner.stories.tsx",
      "kind": "Components/Banner",
      "story": "Banner Primary",
      "parameters": {
        "fileName": "./stories/components/Banner/Banner.stories.tsx",
        "framework": "react",
        "__id": "components-banner--banner-primary",
        "__isArgsStory": true
      }
    },
    "components-collapsible--collapsible-primary": {
      "id": "components-collapsible--collapsible-primary",
      "name": "Collapsible Primary",
      "title": "Components/Collapsible",
      "importPath": "./stories/components/Collapsible/Collapsible.stories.tsx",
      "kind": "Components/Collapsible",
      "story": "Collapsible Primary",
      "parameters": {
        "fileName": "./stories/components/Collapsible/Collapsible.stories.tsx",
        "framework": "react",
        "__id": "components-collapsible--collapsible-primary",
        "__isArgsStory": false
      }
    },
    "components-collapsible--collapsible-two-primary": {
      "id": "components-collapsible--collapsible-two-primary",
      "name": "Collapsible Two Primary",
      "title": "Components/Collapsible",
      "importPath": "./stories/components/Collapsible/Collapsible.stories.tsx",
      "kind": "Components/Collapsible",
      "story": "Collapsible Two Primary",
      "parameters": {
        "fileName": "./stories/components/Collapsible/Collapsible.stories.tsx",
        "framework": "react",
        "__id": "components-collapsible--collapsible-two-primary",
        "__isArgsStory": false
      }
    },
    "components-chart--donut-chart-primary": {
      "id": "components-chart--donut-chart-primary",
      "name": "Donut Chart Primary",
      "title": "Components/Chart",
      "importPath": "./stories/components/DonutChart/DonutChart.stories.tsx",
      "kind": "Components/Chart",
      "story": "Donut Chart Primary",
      "parameters": {
        "fileName": "./stories/components/DonutChart/DonutChart.stories.tsx",
        "framework": "react",
        "__id": "components-chart--donut-chart-primary",
        "__isArgsStory": false
      }
    },
    "components-dropdown--dropdown-list": {
      "id": "components-dropdown--dropdown-list",
      "name": "Dropdown List",
      "title": "Components/Dropdown",
      "importPath": "./stories/components/Dropdown/Dropdown.stories.tsx",
      "kind": "Components/Dropdown",
      "story": "Dropdown List",
      "parameters": {
        "fileName": "./stories/components/Dropdown/Dropdown.stories.tsx",
        "framework": "react",
        "__id": "components-dropdown--dropdown-list",
        "__isArgsStory": false
      }
    },
    "components-dropdown--dateofbirth-list": {
      "id": "components-dropdown--dateofbirth-list",
      "name": "Dateofbirth List",
      "title": "Components/Dropdown",
      "importPath": "./stories/components/Dropdown/Dropdown.stories.tsx",
      "kind": "Components/Dropdown",
      "story": "Dateofbirth List",
      "parameters": {
        "fileName": "./stories/components/Dropdown/Dropdown.stories.tsx",
        "framework": "react",
        "__id": "components-dropdown--dateofbirth-list",
        "__isArgsStory": false
      }
    },
    "components-imagetitlecontent--image-title-content-primary": {
      "id": "components-imagetitlecontent--image-title-content-primary",
      "name": "Image Title Content Primary",
      "title": "Components/ImageTitleContent",
      "importPath": "./stories/components/ImageTitleContent/ImageTitleContent.stories.tsx",
      "kind": "Components/ImageTitleContent",
      "story": "Image Title Content Primary",
      "parameters": {
        "fileName": "./stories/components/ImageTitleContent/ImageTitleContent.stories.tsx",
        "framework": "react",
        "__id": "components-imagetitlecontent--image-title-content-primary",
        "__isArgsStory": false
      }
    },
    "components-input--state": {
      "id": "components-input--state",
      "name": "State",
      "title": "Components/Input",
      "importPath": "./stories/components/Input/Input.stories.tsx",
      "kind": "Components/Input",
      "story": "State",
      "parameters": {
        "fileName": "./stories/components/Input/Input.stories.tsx",
        "framework": "react",
        "__id": "components-input--state",
        "__isArgsStory": false
      }
    },
    "components-input--type": {
      "id": "components-input--type",
      "name": "Type",
      "title": "Components/Input",
      "importPath": "./stories/components/Input/Input.stories.tsx",
      "kind": "Components/Input",
      "story": "Type",
      "parameters": {
        "fileName": "./stories/components/Input/Input.stories.tsx",
        "framework": "react",
        "__id": "components-input--type",
        "__isArgsStory": false
      }
    },
    "components-input--password-input": {
      "id": "components-input--password-input",
      "name": "Password Input",
      "title": "Components/Input",
      "importPath": "./stories/components/Input/Input.stories.tsx",
      "kind": "Components/Input",
      "story": "Password Input",
      "parameters": {
        "fileName": "./stories/components/Input/Input.stories.tsx",
        "framework": "react",
        "__id": "components-input--password-input",
        "__isArgsStory": false
      }
    },
    "components-input--country-telephone-number-input": {
      "id": "components-input--country-telephone-number-input",
      "name": "Country Telephone Number Input",
      "title": "Components/Input",
      "importPath": "./stories/components/Input/Input.stories.tsx",
      "kind": "Components/Input",
      "story": "Country Telephone Number Input",
      "parameters": {
        "fileName": "./stories/components/Input/Input.stories.tsx",
        "framework": "react",
        "__id": "components-input--country-telephone-number-input",
        "__isArgsStory": false
      }
    },
    "components-input--hkid-number-input": {
      "id": "components-input--hkid-number-input",
      "name": "HKID Number Input",
      "title": "Components/Input",
      "importPath": "./stories/components/Input/Input.stories.tsx",
      "kind": "Components/Input",
      "story": "HKID Number Input",
      "parameters": {
        "fileName": "./stories/components/Input/Input.stories.tsx",
        "framework": "react",
        "__id": "components-input--hkid-number-input",
        "__isArgsStory": false
      }
    },
    "components-input--contextual-help-input": {
      "id": "components-input--contextual-help-input",
      "name": "Contextual Help Input",
      "title": "Components/Input",
      "importPath": "./stories/components/Input/Input.stories.tsx",
      "kind": "Components/Input",
      "story": "Contextual Help Input",
      "parameters": {
        "fileName": "./stories/components/Input/Input.stories.tsx",
        "framework": "react",
        "__id": "components-input--contextual-help-input",
        "__isArgsStory": false
      }
    },
    "components-input--search-input-component": {
      "id": "components-input--search-input-component",
      "name": "Search Input Component",
      "title": "Components/Input",
      "importPath": "./stories/components/Input/Input.stories.tsx",
      "kind": "Components/Input",
      "story": "Search Input Component",
      "parameters": {
        "fileName": "./stories/components/Input/Input.stories.tsx",
        "framework": "react",
        "__id": "components-input--search-input-component",
        "__isArgsStory": false
      }
    },
    "components-level--level-primary": {
      "id": "components-level--level-primary",
      "name": "Level Primary",
      "title": "Components/Level",
      "importPath": "./stories/components/Level/Level.stories.tsx",
      "kind": "Components/Level",
      "story": "Level Primary",
      "parameters": {
        "fileName": "./stories/components/Level/Level.stories.tsx",
        "framework": "react",
        "__id": "components-level--level-primary",
        "__isArgsStory": false
      }
    },
    "components-list--list-cell-primary": {
      "id": "components-list--list-cell-primary",
      "name": "List Cell Primary",
      "title": "Components/List",
      "importPath": "./stories/components/ListTable/ListTable.stories.tsx",
      "kind": "Components/List",
      "story": "List Cell Primary",
      "parameters": {
        "fileName": "./stories/components/ListTable/ListTable.stories.tsx",
        "framework": "react",
        "__id": "components-list--list-cell-primary",
        "__isArgsStory": false
      }
    },
    "components-list--list-table-primary": {
      "id": "components-list--list-table-primary",
      "name": "List Table Primary",
      "title": "Components/List",
      "importPath": "./stories/components/ListTable/ListTable.stories.tsx",
      "kind": "Components/List",
      "story": "List Table Primary",
      "parameters": {
        "fileName": "./stories/components/ListTable/ListTable.stories.tsx",
        "framework": "react",
        "__id": "components-list--list-table-primary",
        "__isArgsStory": false
      }
    },
    "components-modal--dialog-primary": {
      "id": "components-modal--dialog-primary",
      "name": "Dialog Primary",
      "title": "Components/Modal",
      "importPath": "./stories/components/Modal/Modal.stories.tsx",
      "kind": "Components/Modal",
      "story": "Dialog Primary",
      "parameters": {
        "fileName": "./stories/components/Modal/Modal.stories.tsx",
        "framework": "react",
        "__id": "components-modal--dialog-primary",
        "__isArgsStory": false
      }
    },
    "components-modal--simple-modal": {
      "id": "components-modal--simple-modal",
      "name": "Simple Modal",
      "title": "Components/Modal",
      "importPath": "./stories/components/Modal/Modal.stories.tsx",
      "kind": "Components/Modal",
      "story": "Simple Modal",
      "parameters": {
        "fileName": "./stories/components/Modal/Modal.stories.tsx",
        "framework": "react",
        "__id": "components-modal--simple-modal",
        "__isArgsStory": false
      }
    },
    "components-modal--page-modal": {
      "id": "components-modal--page-modal",
      "name": "Page Modal",
      "title": "Components/Modal",
      "importPath": "./stories/components/Modal/Modal.stories.tsx",
      "kind": "Components/Modal",
      "story": "Page Modal",
      "parameters": {
        "fileName": "./stories/components/Modal/Modal.stories.tsx",
        "framework": "react",
        "__id": "components-modal--page-modal",
        "__isArgsStory": false
      }
    },
    "components-modal--detail-modal": {
      "id": "components-modal--detail-modal",
      "name": "Detail Modal",
      "title": "Components/Modal",
      "importPath": "./stories/components/Modal/Modal.stories.tsx",
      "kind": "Components/Modal",
      "story": "Detail Modal",
      "parameters": {
        "fileName": "./stories/components/Modal/Modal.stories.tsx",
        "framework": "react",
        "__id": "components-modal--detail-modal",
        "__isArgsStory": false
      }
    },
    "components-notification--notification-primary": {
      "id": "components-notification--notification-primary",
      "name": "Notification Primary",
      "title": "Components/Notification",
      "importPath": "./stories/components/Notification/Notification.stories.tsx",
      "kind": "Components/Notification",
      "story": "Notification Primary",
      "parameters": {
        "fileName": "./stories/components/Notification/Notification.stories.tsx",
        "framework": "react",
        "__id": "components-notification--notification-primary",
        "__isArgsStory": true
      }
    },
    "components-page--general-error-page-primary": {
      "id": "components-page--general-error-page-primary",
      "name": "General Error Page Primary",
      "title": "Components/Page",
      "importPath": "./stories/components/Page/Page.stories.tsx",
      "kind": "Components/Page",
      "story": "General Error Page Primary",
      "parameters": {
        "fileName": "./stories/components/Page/Page.stories.tsx",
        "framework": "react",
        "__id": "components-page--general-error-page-primary",
        "__isArgsStory": false
      }
    },
    "components-card--policy-card-primary": {
      "id": "components-card--policy-card-primary",
      "name": "Policy Card Primary",
      "title": "Components/Card",
      "importPath": "./stories/components/PolicyCard/PolicyCard.stories.tsx",
      "kind": "Components/Card",
      "story": "Policy Card Primary",
      "parameters": {
        "fileName": "./stories/components/PolicyCard/PolicyCard.stories.tsx",
        "framework": "react",
        "__id": "components-card--policy-card-primary",
        "__isArgsStory": false
      }
    },
    "components-card--goal-card-primary": {
      "id": "components-card--goal-card-primary",
      "name": "Goal Card Primary",
      "title": "Components/Card",
      "importPath": "./stories/components/PolicyCard/PolicyCard.stories.tsx",
      "kind": "Components/Card",
      "story": "Goal Card Primary",
      "parameters": {
        "fileName": "./stories/components/PolicyCard/PolicyCard.stories.tsx",
        "framework": "react",
        "__id": "components-card--goal-card-primary",
        "__isArgsStory": false
      }
    },
    "components-progress--progress-bar-primary": {
      "id": "components-progress--progress-bar-primary",
      "name": "Progress Bar Primary",
      "title": "Components/Progress",
      "importPath": "./stories/components/Progress/Progress.stories.tsx",
      "kind": "Components/Progress",
      "story": "Progress Bar Primary",
      "parameters": {
        "fileName": "./stories/components/Progress/Progress.stories.tsx",
        "framework": "react",
        "__id": "components-progress--progress-bar-primary",
        "__isArgsStory": false
      }
    },
    "components-progress--progress-big-bar-primary": {
      "id": "components-progress--progress-big-bar-primary",
      "name": "Progress Big Bar Primary",
      "title": "Components/Progress",
      "importPath": "./stories/components/Progress/Progress.stories.tsx",
      "kind": "Components/Progress",
      "story": "Progress Big Bar Primary",
      "parameters": {
        "fileName": "./stories/components/Progress/Progress.stories.tsx",
        "framework": "react",
        "__id": "components-progress--progress-big-bar-primary",
        "__isArgsStory": false
      }
    },
    "components-progress--progress-circle-primary": {
      "id": "components-progress--progress-circle-primary",
      "name": "Progress Circle Primary",
      "title": "Components/Progress",
      "importPath": "./stories/components/Progress/Progress.stories.tsx",
      "kind": "Components/Progress",
      "story": "Progress Circle Primary",
      "parameters": {
        "fileName": "./stories/components/Progress/Progress.stories.tsx",
        "framework": "react",
        "__id": "components-progress--progress-circle-primary",
        "__isArgsStory": false
      }
    },
    "components-progress--progress-step-primary": {
      "id": "components-progress--progress-step-primary",
      "name": "Progress Step Primary",
      "title": "Components/Progress",
      "importPath": "./stories/components/Progress/Progress.stories.tsx",
      "kind": "Components/Progress",
      "story": "Progress Step Primary",
      "parameters": {
        "fileName": "./stories/components/Progress/Progress.stories.tsx",
        "framework": "react",
        "__id": "components-progress--progress-step-primary",
        "__isArgsStory": false
      }
    },
    "components-smallbutton--default": {
      "id": "components-smallbutton--default",
      "name": "Default",
      "title": "Components/SmallButton",
      "importPath": "./stories/components/SmallButton/SmallButton.stories.tsx",
      "kind": "Components/SmallButton",
      "story": "Default",
      "parameters": {
        "fileName": "./stories/components/SmallButton/SmallButton.stories.tsx",
        "framework": "react",
        "__id": "components-smallbutton--default",
        "__isArgsStory": true
      }
    },
    "components-step--step-primary": {
      "id": "components-step--step-primary",
      "name": "Step Primary",
      "title": "Components/Step",
      "importPath": "./stories/components/Step/Step.stories.tsx",
      "kind": "Components/Step",
      "story": "Step Primary",
      "parameters": {
        "fileName": "./stories/components/Step/Step.stories.tsx",
        "framework": "react",
        "__id": "components-step--step-primary",
        "__isArgsStory": false
      }
    },
    "components-timepicker--time-picker-primary": {
      "id": "components-timepicker--time-picker-primary",
      "name": "Time Picker Primary",
      "title": "Components/TimePicker",
      "importPath": "./stories/components/TimePicker/TimePicker.stories.tsx",
      "kind": "Components/TimePicker",
      "story": "Time Picker Primary",
      "parameters": {
        "fileName": "./stories/components/TimePicker/TimePicker.stories.tsx",
        "framework": "react",
        "__id": "components-timepicker--time-picker-primary",
        "__isArgsStory": false
      }
    },
    "components-toggle--default": {
      "id": "components-toggle--default",
      "name": "Default",
      "title": "Components/Toggle",
      "importPath": "./stories/components/Toggle/Toggle.stories.tsx",
      "kind": "Components/Toggle",
      "story": "Default",
      "parameters": {
        "fileName": "./stories/components/Toggle/Toggle.stories.tsx",
        "framework": "react",
        "__id": "components-toggle--default",
        "__isArgsStory": true
      }
    },
    "components-transparentbutton--transparent-button-primary": {
      "id": "components-transparentbutton--transparent-button-primary",
      "name": "Transparent Button Primary",
      "title": "Components/TransparentButton",
      "importPath": "./stories/components/TransparentButton/TransparentButton.stories.tsx",
      "kind": "Components/TransparentButton",
      "story": "Transparent Button Primary",
      "parameters": {
        "fileName": "./stories/components/TransparentButton/TransparentButton.stories.tsx",
        "framework": "react",
        "__id": "components-transparentbutton--transparent-button-primary",
        "__isArgsStory": false
      }
    },
    "deprecated-button--primary": {
      "id": "deprecated-button--primary",
      "name": "Primary",
      "title": "Deprecated/Button",
      "importPath": "./stories/deprecated/Button/Button.stories.tsx",
      "kind": "Deprecated/Button",
      "story": "Primary",
      "parameters": {
        "fileName": "./stories/deprecated/Button/Button.stories.tsx",
        "framework": "react",
        "__id": "deprecated-button--primary",
        "__isArgsStory": false
      }
    },
    "deprecated-button--secondary": {
      "id": "deprecated-button--secondary",
      "name": "Secondary",
      "title": "Deprecated/Button",
      "importPath": "./stories/deprecated/Button/Button.stories.tsx",
      "kind": "Deprecated/Button",
      "story": "Secondary",
      "parameters": {
        "fileName": "./stories/deprecated/Button/Button.stories.tsx",
        "framework": "react",
        "__id": "deprecated-button--secondary",
        "__isArgsStory": false
      }
    },
    "deprecated-button--white": {
      "id": "deprecated-button--white",
      "name": "White",
      "title": "Deprecated/Button",
      "importPath": "./stories/deprecated/Button/Button.stories.tsx",
      "kind": "Deprecated/Button",
      "story": "White",
      "parameters": {
        "fileName": "./stories/deprecated/Button/Button.stories.tsx",
        "framework": "react",
        "__id": "deprecated-button--white",
        "__isArgsStory": false
      }
    },
    "deprecated-checkbox--checkbox-primary": {
      "id": "deprecated-checkbox--checkbox-primary",
      "name": "Checkbox Primary",
      "title": "Deprecated/Checkbox",
      "importPath": "./stories/deprecated/Checkbox/Checkbox.stories.tsx",
      "kind": "Deprecated/Checkbox",
      "story": "Checkbox Primary",
      "parameters": {
        "fileName": "./stories/deprecated/Checkbox/Checkbox.stories.tsx",
        "framework": "react",
        "__id": "deprecated-checkbox--checkbox-primary",
        "__isArgsStory": false
      }
    },
    "deprecated-content-listing--content-listing-primary": {
      "id": "deprecated-content-listing--content-listing-primary",
      "name": "Content Listing Primary",
      "title": "Deprecated/Content Listing",
      "importPath": "./stories/deprecated/ContentListing/ContentListing.stories.tsx",
      "kind": "Deprecated/Content Listing",
      "story": "Content Listing Primary",
      "parameters": {
        "fileName": "./stories/deprecated/ContentListing/ContentListing.stories.tsx",
        "framework": "react",
        "__id": "deprecated-content-listing--content-listing-primary",
        "__isArgsStory": false
      }
    },
    "deprecated-grid-system--grid-system-primary": {
      "id": "deprecated-grid-system--grid-system-primary",
      "name": "Grid System Primary",
      "title": "Deprecated/Grid System",
      "importPath": "./stories/deprecated/GridSystem/GridSystem.stories.tsx",
      "kind": "Deprecated/Grid System",
      "story": "Grid System Primary",
      "parameters": {
        "fileName": "./stories/deprecated/GridSystem/GridSystem.stories.tsx",
        "framework": "react",
        "__id": "deprecated-grid-system--grid-system-primary",
        "__isArgsStory": false
      }
    },
    "deprecated-loading--loading-primary": {
      "id": "deprecated-loading--loading-primary",
      "name": "Loading Primary",
      "title": "Deprecated/Loading",
      "importPath": "./stories/deprecated/Loading/Loading.stories.tsx",
      "kind": "Deprecated/Loading",
      "story": "Loading Primary",
      "parameters": {
        "fileName": "./stories/deprecated/Loading/Loading.stories.tsx",
        "framework": "react",
        "__id": "deprecated-loading--loading-primary",
        "__isArgsStory": false
      }
    },
    "deprecated-page-demo--form-page-demo": {
      "id": "deprecated-page-demo--form-page-demo",
      "name": "Form Page Demo",
      "title": "Deprecated/Page Demo",
      "importPath": "./stories/deprecated/PageDemo/PageDemo.stories.tsx",
      "kind": "Deprecated/Page Demo",
      "story": "Form Page Demo",
      "parameters": {
        "fileName": "./stories/deprecated/PageDemo/PageDemo.stories.tsx",
        "framework": "react",
        "__id": "deprecated-page-demo--form-page-demo",
        "__isArgsStory": false
      }
    },
    "deprecated-page-demo--review-page-demo": {
      "id": "deprecated-page-demo--review-page-demo",
      "name": "Review Page Demo",
      "title": "Deprecated/Page Demo",
      "importPath": "./stories/deprecated/PageDemo/PageDemo.stories.tsx",
      "kind": "Deprecated/Page Demo",
      "story": "Review Page Demo",
      "parameters": {
        "fileName": "./stories/deprecated/PageDemo/PageDemo.stories.tsx",
        "framework": "react",
        "__id": "deprecated-page-demo--review-page-demo",
        "__isArgsStory": false
      }
    },
    "deprecated-radio--radio-primary": {
      "id": "deprecated-radio--radio-primary",
      "name": "Radio Primary",
      "title": "Deprecated/Radio",
      "importPath": "./stories/deprecated/Radio/Radio.stories.tsx",
      "kind": "Deprecated/Radio",
      "story": "Radio Primary",
      "parameters": {
        "fileName": "./stories/deprecated/Radio/Radio.stories.tsx",
        "framework": "react",
        "__id": "deprecated-radio--radio-primary",
        "__isArgsStory": false
      }
    },
    "deprecated-tab--tab-primary": {
      "id": "deprecated-tab--tab-primary",
      "name": "Tab Primary",
      "title": "Deprecated/Tab",
      "importPath": "./stories/deprecated/Tab/Tab.stories.tsx",
      "kind": "Deprecated/Tab",
      "story": "Tab Primary",
      "parameters": {
        "fileName": "./stories/deprecated/Tab/Tab.stories.tsx",
        "framework": "react",
        "__id": "deprecated-tab--tab-primary",
        "__isArgsStory": false
      }
    },
    "atoms-button--primary-button": {
      "id": "atoms-button--primary-button",
      "name": "Primary Button",
      "title": "Atoms/Button",
      "importPath": "./stories/designSystem/atoms/Button/Button.stories.tsx",
      "kind": "Atoms/Button",
      "story": "Primary Button",
      "parameters": {
        "fileName": "./stories/designSystem/atoms/Button/Button.stories.tsx",
        "framework": "react",
        "__id": "atoms-button--primary-button",
        "__isArgsStory": true
      }
    },
    "atoms-checkbox--checkbox": {
      "id": "atoms-checkbox--checkbox",
      "name": "Checkbox",
      "title": "Atoms/Checkbox",
      "importPath": "./stories/designSystem/atoms/Checkbox/Checkbox.stories.tsx",
      "kind": "Atoms/Checkbox",
      "story": "Checkbox",
      "parameters": {
        "fileName": "./stories/designSystem/atoms/Checkbox/Checkbox.stories.tsx",
        "framework": "react",
        "__id": "atoms-checkbox--checkbox",
        "__isArgsStory": true
      }
    },
    "atoms-emmadropdown--basic": {
      "id": "atoms-emmadropdown--basic",
      "name": "Basic",
      "title": "Atoms/EmmaDropdown",
      "importPath": "./stories/designSystem/atoms/Dropdown/Dropdown.stories.tsx",
      "kind": "Atoms/EmmaDropdown",
      "story": "Basic",
      "parameters": {
        "fileName": "./stories/designSystem/atoms/Dropdown/Dropdown.stories.tsx",
        "framework": "react",
        "__id": "atoms-emmadropdown--basic",
        "__isArgsStory": true
      }
    },
    "atoms-emmadropdown--custom-drop-icon": {
      "id": "atoms-emmadropdown--custom-drop-icon",
      "name": "Custom Drop Icon",
      "title": "Atoms/EmmaDropdown",
      "importPath": "./stories/designSystem/atoms/Dropdown/Dropdown.stories.tsx",
      "kind": "Atoms/EmmaDropdown",
      "story": "Custom Drop Icon",
      "parameters": {
        "fileName": "./stories/designSystem/atoms/Dropdown/Dropdown.stories.tsx",
        "framework": "react",
        "__id": "atoms-emmadropdown--custom-drop-icon",
        "__isArgsStory": true
      }
    },
    "atoms-grid--default": {
      "id": "atoms-grid--default",
      "name": "Default",
      "title": "Atoms/Grid",
      "importPath": "./stories/designSystem/atoms/Grid/Grid.stories.tsx",
      "kind": "Atoms/Grid",
      "story": "Default",
      "parameters": {
        "fileName": "./stories/designSystem/atoms/Grid/Grid.stories.tsx",
        "framework": "react",
        "__id": "atoms-grid--default",
        "__isArgsStory": true
      }
    },
    "atoms-icon--clock-dark-icon": {
      "id": "atoms-icon--clock-dark-icon",
      "name": "Clock Dark Icon",
      "title": "Atoms/Icon",
      "importPath": "./stories/designSystem/atoms/Icon/Icon.stories.tsx",
      "kind": "Atoms/Icon",
      "story": "Clock Dark Icon",
      "parameters": {
        "fileName": "./stories/designSystem/atoms/Icon/Icon.stories.tsx",
        "framework": "react",
        "__id": "atoms-icon--clock-dark-icon",
        "__isArgsStory": true
      }
    },
    "atoms-input--input": {
      "id": "atoms-input--input",
      "name": "Input",
      "title": "Atoms/Input",
      "importPath": "./stories/designSystem/atoms/Input/Input.stories.tsx",
      "kind": "Atoms/Input",
      "story": "Input",
      "parameters": {
        "fileName": "./stories/designSystem/atoms/Input/Input.stories.tsx",
        "framework": "react",
        "__id": "atoms-input--input",
        "__isArgsStory": true
      }
    },
    "atoms-radiobutton--radio-button": {
      "id": "atoms-radiobutton--radio-button",
      "name": "Radio Button",
      "title": "Atoms/RadioButton",
      "importPath": "./stories/designSystem/atoms/RadioButton/RadioButton.stories.tsx",
      "kind": "Atoms/RadioButton",
      "story": "Radio Button",
      "parameters": {
        "fileName": "./stories/designSystem/atoms/RadioButton/RadioButton.stories.tsx",
        "framework": "react",
        "__id": "atoms-radiobutton--radio-button",
        "__isArgsStory": true
      }
    },
    "atoms-searchbar--search-bar": {
      "id": "atoms-searchbar--search-bar",
      "name": "Search Bar",
      "title": "Atoms/SearchBar",
      "importPath": "./stories/designSystem/atoms/SearchBar/SearchBar.stories.tsx",
      "kind": "Atoms/SearchBar",
      "story": "Search Bar",
      "parameters": {
        "fileName": "./stories/designSystem/atoms/SearchBar/SearchBar.stories.tsx",
        "framework": "react",
        "__id": "atoms-searchbar--search-bar",
        "__isArgsStory": true
      }
    },
    "atoms-sectiondivider--section-divider": {
      "id": "atoms-sectiondivider--section-divider",
      "name": "Section Divider",
      "title": "Atoms/SectionDivider",
      "importPath": "./stories/designSystem/atoms/SectionDivider/SectionDivider.stories.tsx",
      "kind": "Atoms/SectionDivider",
      "story": "Section Divider",
      "parameters": {
        "fileName": "./stories/designSystem/atoms/SectionDivider/SectionDivider.stories.tsx",
        "framework": "react",
        "__id": "atoms-sectiondivider--section-divider",
        "__isArgsStory": true
      }
    },
    "atoms-toggle--toggle": {
      "id": "atoms-toggle--toggle",
      "name": "Toggle",
      "title": "Atoms/Toggle",
      "importPath": "./stories/designSystem/atoms/Toggle/Toggle.stories.tsx",
      "kind": "Atoms/Toggle",
      "story": "Toggle",
      "parameters": {
        "fileName": "./stories/designSystem/atoms/Toggle/Toggle.stories.tsx",
        "framework": "react",
        "__id": "atoms-toggle--toggle",
        "__isArgsStory": true
      }
    },
    "molecules-blockbutton--redirect-block-button": {
      "id": "molecules-blockbutton--redirect-block-button",
      "name": "Redirect Block Button",
      "title": "Molecules/BlockButton",
      "importPath": "./stories/designSystem/molecules/BlockButton.stories.tsx",
      "kind": "Molecules/BlockButton",
      "story": "Redirect Block Button",
      "parameters": {
        "fileName": "./stories/designSystem/molecules/BlockButton.stories.tsx",
        "framework": "react",
        "__id": "molecules-blockbutton--redirect-block-button",
        "__isArgsStory": true
      }
    },
    "molecules-checkboxgroup--checkbox-group": {
      "id": "molecules-checkboxgroup--checkbox-group",
      "name": "Checkbox Group",
      "title": "Molecules/CheckboxGroup",
      "importPath": "./stories/designSystem/molecules/CheckboxGroup/CheckboxGroup.stories.tsx",
      "kind": "Molecules/CheckboxGroup",
      "story": "Checkbox Group",
      "parameters": {
        "fileName": "./stories/designSystem/molecules/CheckboxGroup/CheckboxGroup.stories.tsx",
        "framework": "react",
        "__id": "molecules-checkboxgroup--checkbox-group",
        "__isArgsStory": true
      }
    },
    "molecules-collapsible--upload-card": {
      "id": "molecules-collapsible--upload-card",
      "name": "Upload Card",
      "title": "Molecules/Collapsible",
      "importPath": "./stories/designSystem/molecules/Collapsible/Collapsible.stories.tsx",
      "kind": "Molecules/Collapsible",
      "story": "Upload Card",
      "parameters": {
        "fileName": "./stories/designSystem/molecules/Collapsible/Collapsible.stories.tsx",
        "framework": "react",
        "__id": "molecules-collapsible--upload-card",
        "__isArgsStory": true
      }
    },
    "molecules-emmacurrency--default": {
      "id": "molecules-emmacurrency--default",
      "name": "Default",
      "title": "Molecules/EmmaCurrency",
      "importPath": "./stories/designSystem/molecules/Currency/Currency.stories.tsx",
      "kind": "Molecules/EmmaCurrency",
      "story": "Default",
      "parameters": {
        "fileName": "./stories/designSystem/molecules/Currency/Currency.stories.tsx",
        "framework": "react",
        "__id": "molecules-emmacurrency--default",
        "__isArgsStory": true
      }
    },
    "molecules-dateofbirth--date-of-birth-list": {
      "id": "molecules-dateofbirth--date-of-birth-list",
      "name": "Date Of Birth List",
      "title": "Molecules/DateOfBirth",
      "importPath": "./stories/designSystem/molecules/DateOfBirth/DateOfBirth.stories.tsx",
      "kind": "Molecules/DateOfBirth",
      "story": "Date Of Birth List",
      "parameters": {
        "fileName": "./stories/designSystem/molecules/DateOfBirth/DateOfBirth.stories.tsx",
        "framework": "react",
        "__id": "molecules-dateofbirth--date-of-birth-list",
        "__isArgsStory": false
      }
    },
    "molecules-datepicker--date-picker": {
      "id": "molecules-datepicker--date-picker",
      "name": "Date Picker",
      "title": "Molecules/DatePicker",
      "importPath": "./stories/designSystem/molecules/DatePicker/DatePicker.stories.tsx",
      "kind": "Molecules/DatePicker",
      "story": "Date Picker",
      "parameters": {
        "fileName": "./stories/designSystem/molecules/DatePicker/DatePicker.stories.tsx",
        "framework": "react",
        "__id": "molecules-datepicker--date-picker",
        "__isArgsStory": true
      }
    },
    "molecules-doclink--doc-link": {
      "id": "molecules-doclink--doc-link",
      "name": "Doc Link",
      "title": "Molecules/DocLink",
      "importPath": "./stories/designSystem/molecules/DocLink/DocLink.stories.tsx",
      "kind": "Molecules/DocLink",
      "story": "Doc Link",
      "parameters": {
        "fileName": "./stories/designSystem/molecules/DocLink/DocLink.stories.tsx",
        "framework": "react",
        "__id": "molecules-doclink--doc-link",
        "__isArgsStory": true
      }
    },
    "molecules-formfield--form-field": {
      "id": "molecules-formfield--form-field",
      "name": "Form Field",
      "title": "Molecules/FormField",
      "importPath": "./stories/designSystem/molecules/FormField/FormField.stories.tsx",
      "kind": "Molecules/FormField",
      "story": "Form Field",
      "parameters": {
        "fileName": "./stories/designSystem/molecules/FormField/FormField.stories.tsx",
        "framework": "react",
        "__id": "molecules-formfield--form-field",
        "__isArgsStory": true
      }
    },
    "molecules-inputbutton--input-button": {
      "id": "molecules-inputbutton--input-button",
      "name": "Input Button",
      "title": "Molecules/InputButton",
      "importPath": "./stories/designSystem/molecules/InputButton/InputButton.stories.tsx",
      "kind": "Molecules/InputButton",
      "story": "Input Button",
      "parameters": {
        "fileName": "./stories/designSystem/molecules/InputButton/InputButton.stories.tsx",
        "framework": "react",
        "__id": "molecules-inputbutton--input-button",
        "__isArgsStory": true
      }
    },
    "molecules-listcell--list-cell": {
      "id": "molecules-listcell--list-cell",
      "name": "List Cell",
      "title": "Molecules/ListCell",
      "importPath": "./stories/designSystem/molecules/ListCell/ListCell.stories.tsx",
      "kind": "Molecules/ListCell",
      "story": "List Cell",
      "parameters": {
        "fileName": "./stories/designSystem/molecules/ListCell/ListCell.stories.tsx",
        "framework": "react",
        "__id": "molecules-listcell--list-cell",
        "__isArgsStory": true
      }
    },
    "molecules-listwithicon--list-with-icon": {
      "id": "molecules-listwithicon--list-with-icon",
      "name": "List With Icon",
      "title": "Molecules/ListWithIcon",
      "importPath": "./stories/designSystem/molecules/ListWithIcon/ListWithIcon.stories.tsx",
      "kind": "Molecules/ListWithIcon",
      "story": "List With Icon",
      "parameters": {
        "fileName": "./stories/designSystem/molecules/ListWithIcon/ListWithIcon.stories.tsx",
        "framework": "react",
        "__id": "molecules-listwithicon--list-with-icon",
        "__isArgsStory": true
      }
    },
    "molecules-listing--listing": {
      "id": "molecules-listing--listing",
      "name": "Listing",
      "title": "Molecules/Listing",
      "importPath": "./stories/designSystem/molecules/Listing/Listing.stories.tsx",
      "kind": "Molecules/Listing",
      "story": "Listing",
      "parameters": {
        "fileName": "./stories/designSystem/molecules/Listing/Listing.stories.tsx",
        "framework": "react",
        "__id": "molecules-listing--listing",
        "__isArgsStory": true
      }
    },
    "molecules-previewdoclink--preview-doc-link": {
      "id": "molecules-previewdoclink--preview-doc-link",
      "name": "Preview Doc Link",
      "title": "Molecules/PreviewDocLink",
      "importPath": "./stories/designSystem/molecules/PreviewDocLink/PreviewDocLink.stories.tsx",
      "kind": "Molecules/PreviewDocLink",
      "story": "Preview Doc Link",
      "parameters": {
        "fileName": "./stories/designSystem/molecules/PreviewDocLink/PreviewDocLink.stories.tsx",
        "framework": "react",
        "__id": "molecules-previewdoclink--preview-doc-link",
        "__isArgsStory": true
      }
    },
    "molecules-radiogroup--radio-group": {
      "id": "molecules-radiogroup--radio-group",
      "name": "Radio Group",
      "title": "Molecules/RadioGroup",
      "importPath": "./stories/designSystem/molecules/RadioGroup/RadioGroup.stories.tsx",
      "kind": "Molecules/RadioGroup",
      "story": "Radio Group",
      "parameters": {
        "fileName": "./stories/designSystem/molecules/RadioGroup/RadioGroup.stories.tsx",
        "framework": "react",
        "__id": "molecules-radiogroup--radio-group",
        "__isArgsStory": true
      }
    },
    "molecules-radiosection--radio-section": {
      "id": "molecules-radiosection--radio-section",
      "name": "Radio Section",
      "title": "Molecules/RadioSection",
      "importPath": "./stories/designSystem/molecules/RadioSection/RadioSection.stories.tsx",
      "kind": "Molecules/RadioSection",
      "story": "Radio Section",
      "parameters": {
        "fileName": "./stories/designSystem/molecules/RadioSection/RadioSection.stories.tsx",
        "framework": "react",
        "__id": "molecules-radiosection--radio-section",
        "__isArgsStory": true
      }
    },
    "molecules-resultscreen--result-screen": {
      "id": "molecules-resultscreen--result-screen",
      "name": "Result Screen",
      "title": "Molecules/ResultScreen",
      "importPath": "./stories/designSystem/molecules/ResultScreen/ResultScreen.stories.tsx",
      "kind": "Molecules/ResultScreen",
      "story": "Result Screen",
      "parameters": {
        "fileName": "./stories/designSystem/molecules/ResultScreen/ResultScreen.stories.tsx",
        "framework": "react",
        "__id": "molecules-resultscreen--result-screen",
        "__isArgsStory": true
      }
    },
    "molecules-steppervertical--stepper-vertical": {
      "id": "molecules-steppervertical--stepper-vertical",
      "name": "Stepper Vertical",
      "title": "Molecules/StepperVertical",
      "importPath": "./stories/designSystem/molecules/StepperVertical/StepperVertical.stories.tsx",
      "kind": "Molecules/StepperVertical",
      "story": "Stepper Vertical",
      "parameters": {
        "fileName": "./stories/designSystem/molecules/StepperVertical/StepperVertical.stories.tsx",
        "framework": "react",
        "__id": "molecules-steppervertical--stepper-vertical",
        "__isArgsStory": true
      }
    },
    "molecules-timepicker--time-picker": {
      "id": "molecules-timepicker--time-picker",
      "name": "Time Picker",
      "title": "Molecules/TimePicker",
      "importPath": "./stories/designSystem/molecules/TimePicker/TimePicker.stories.tsx",
      "kind": "Molecules/TimePicker",
      "story": "Time Picker",
      "parameters": {
        "fileName": "./stories/designSystem/molecules/TimePicker/TimePicker.stories.tsx",
        "framework": "react",
        "__id": "molecules-timepicker--time-picker",
        "__isArgsStory": true
      }
    },
    "molecules-tipscard--e-submission-tips": {
      "id": "molecules-tipscard--e-submission-tips",
      "name": "E Submission Tips",
      "title": "Molecules/TipsCard",
      "importPath": "./stories/designSystem/molecules/TipsCard/TipsCard.stories.tsx",
      "kind": "Molecules/TipsCard",
      "story": "E Submission Tips",
      "parameters": {
        "fileName": "./stories/designSystem/molecules/TipsCard/TipsCard.stories.tsx",
        "framework": "react",
        "__id": "molecules-tipscard--e-submission-tips",
        "__isArgsStory": true
      }
    },
    "molecules-togglefield--toggle-field": {
      "id": "molecules-togglefield--toggle-field",
      "name": "Toggle Field",
      "title": "Molecules/ToggleField",
      "importPath": "./stories/designSystem/molecules/ToggleField/ToggleField.stories.tsx",
      "kind": "Molecules/ToggleField",
      "story": "Toggle Field",
      "parameters": {
        "fileName": "./stories/designSystem/molecules/ToggleField/ToggleField.stories.tsx",
        "framework": "react",
        "__id": "molecules-togglefield--toggle-field",
        "__isArgsStory": true
      }
    },
    "molecules-uploadcard--upload-card": {
      "id": "molecules-uploadcard--upload-card",
      "name": "Upload Card",
      "title": "Molecules/UploadCard",
      "importPath": "./stories/designSystem/molecules/UploadCard/UploadCard.stories.tsx",
      "kind": "Molecules/UploadCard",
      "story": "Upload Card",
      "parameters": {
        "fileName": "./stories/designSystem/molecules/UploadCard/UploadCard.stories.tsx",
        "framework": "react",
        "__id": "molecules-uploadcard--upload-card",
        "__isArgsStory": true
      }
    },
    "organisms-stepbanner--step-vertical": {
      "id": "organisms-stepbanner--step-vertical",
      "name": "Step Vertical",
      "title": "Organisms/StepBanner",
      "importPath": "./stories/designSystem/organisms/StepBanner/StepBanner.stories.tsx",
      "kind": "Organisms/StepBanner",
      "story": "Step Vertical",
      "parameters": {
        "fileName": "./stories/designSystem/organisms/StepBanner/StepBanner.stories.tsx",
        "framework": "react",
        "__id": "organisms-stepbanner--step-vertical",
        "__isArgsStory": true
      }
    },
    "organisms-stepvertical-1--step-vertical": {
      "id": "organisms-stepvertical-1--step-vertical",
      "name": "Step Vertical",
      "title": "Organisms/StepVertical_1",
      "importPath": "./stories/designSystem/organisms/StepVertical/StepVertical.stories.tsx",
      "kind": "Organisms/StepVertical_1",
      "story": "Step Vertical",
      "parameters": {
        "fileName": "./stories/designSystem/organisms/StepVertical/StepVertical.stories.tsx",
        "framework": "react",
        "__id": "organisms-stepvertical-1--step-vertical",
        "__isArgsStory": true
      }
    },
    "organisms-emmatable--three-cols": {
      "id": "organisms-emmatable--three-cols",
      "name": "Three Cols",
      "title": "Organisms/EmmaTable",
      "importPath": "./stories/designSystem/organisms/Table/EmmaTable.stories.tsx",
      "kind": "Organisms/EmmaTable",
      "story": "Three Cols",
      "parameters": {
        "fileName": "./stories/designSystem/organisms/Table/EmmaTable.stories.tsx",
        "framework": "react",
        "__id": "organisms-emmatable--three-cols",
        "__isArgsStory": true
      }
    },
    "organisms-emmatable--responsive": {
      "id": "organisms-emmatable--responsive",
      "name": "Responsive",
      "title": "Organisms/EmmaTable",
      "importPath": "./stories/designSystem/organisms/Table/EmmaTable.stories.tsx",
      "kind": "Organisms/EmmaTable",
      "story": "Responsive",
      "parameters": {
        "fileName": "./stories/designSystem/organisms/Table/EmmaTable.stories.tsx",
        "framework": "react",
        "__id": "organisms-emmatable--responsive",
        "__isArgsStory": true
      }
    },
    "organisms-emmatable--with-icons": {
      "id": "organisms-emmatable--with-icons",
      "name": "With Icons",
      "title": "Organisms/EmmaTable",
      "importPath": "./stories/designSystem/organisms/Table/EmmaTable.stories.tsx",
      "kind": "Organisms/EmmaTable",
      "story": "With Icons",
      "parameters": {
        "fileName": "./stories/designSystem/organisms/Table/EmmaTable.stories.tsx",
        "framework": "react",
        "__id": "organisms-emmatable--with-icons",
        "__isArgsStory": true
      }
    },
    "templates-errorscreen--error-screen": {
      "id": "templates-errorscreen--error-screen",
      "name": "Error Screen",
      "title": "Templates/ErrorScreen",
      "importPath": "./stories/designSystem/templates/ErrorScreen/ErrorScreen.stories.tsx",
      "kind": "Templates/ErrorScreen",
      "story": "Error Screen",
      "parameters": {
        "fileName": "./stories/designSystem/templates/ErrorScreen/ErrorScreen.stories.tsx",
        "framework": "react",
        "__id": "templates-errorscreen--error-screen",
        "__isArgsStory": true
      }
    },
    "templates-loadingscreen--loading-screen": {
      "id": "templates-loadingscreen--loading-screen",
      "name": "Loading Screen",
      "title": "Templates/LoadingScreen",
      "importPath": "./stories/designSystem/templates/LoadingScreen/LoadingScreen.stories.tsx",
      "kind": "Templates/LoadingScreen",
      "story": "Loading Screen",
      "parameters": {
        "fileName": "./stories/designSystem/templates/LoadingScreen/LoadingScreen.stories.tsx",
        "framework": "react",
        "__id": "templates-loadingscreen--loading-screen",
        "__isArgsStory": true
      }
    },
    "templates-searchsectionlist--search-section-list": {
      "id": "templates-searchsectionlist--search-section-list",
      "name": "Search Section List",
      "title": "Templates/SearchSectionList",
      "importPath": "./stories/designSystem/templates/SearchSectionList/SearchSectionList.stories.tsx",
      "kind": "Templates/SearchSectionList",
      "story": "Search Section List",
      "parameters": {
        "fileName": "./stories/designSystem/templates/SearchSectionList/SearchSectionList.stories.tsx",
        "framework": "react",
        "__id": "templates-searchsectionlist--search-section-list",
        "__isArgsStory": true
      }
    },
    "templates-successscreen--success-screen": {
      "id": "templates-successscreen--success-screen",
      "name": "Success Screen",
      "title": "Templates/SuccessScreen",
      "importPath": "./stories/designSystem/templates/SuccessScreen/SuccessScreen.stories.tsx",
      "kind": "Templates/SuccessScreen",
      "story": "Success Screen",
      "parameters": {
        "fileName": "./stories/designSystem/templates/SuccessScreen/SuccessScreen.stories.tsx",
        "framework": "react",
        "__id": "templates-successscreen--success-screen",
        "__isArgsStory": true
      }
    }
  }
}