{
  "v": 3,
  "stories": {
    "branding-color--color": {
      "id": "branding-color--color",
      "name": "Color",
      "title": "Branding/Color",
      "importPath": "./stories/brand/Color/Color.stories.tsx",
      "kind": "Branding/Color",
      "story": "Color",
      "parameters": {
        "fileName": "./stories/brand/Color/Color.stories.tsx",
        "framework": "react",
        "__id": "branding-color--color",
        "__isArgsStory": false
      }
    },
    "branding-typography--typography": {
      "id": "branding-typography--typography",
      "name": "Typography",
      "title": "Branding/Typography",
      "importPath": "./stories/brand/Typography/Typography.stories.tsx",
      "kind": "Branding/Typography",
      "story": "Typography",
      "parameters": {
        "fileName": "./stories/brand/Typography/Typography.stories.tsx",
        "framework": "react",
        "__id": "branding-typography--typography",
        "__isArgsStory": false
      }
    },
    "class-name-verifier-user-guide--user-guide": {
      "id": "class-name-verifier-user-guide--user-guide",
      "name": "User Guide",
      "title": "Class Name Verifier/User Guide",
      "importPath": "./stories/classNameVerifier/userGuide/User Guide.stories.tsx",
      "kind": "Class Name Verifier/User Guide",
      "story": "User Guide",
      "parameters": {
        "fileName": "./stories/classNameVerifier/userGuide/User Guide.stories.tsx",
        "framework": "react",
        "__id": "class-name-verifier-user-guide--user-guide",
        "__isArgsStory": false
      }
    },
    "components-arrowtab--arrow-tab-primary": {
      "id": "components-arrowtab--arrow-tab-primary",
      "name": "Arrow Tab Primary",
      "title": "Components/ArrowTab",
      "importPath": "./stories/components/ArrowTab/ArrowTab.stories.tsx",
      "kind": "Components/ArrowTab",
      "story": "Arrow Tab Primary",
      "parameters": {
        "fileName": "./stories/components/ArrowTab/ArrowTab.stories.tsx",
        "framework": "react",
        "__id": "components-arrowtab--arrow-tab-primary",
        "__isArgsStory": true
      }
    },
    "components-banner--banner-primary": {
      "id": "components-banner--banner-primary",
      "name": "Banner Primary",
      "title": "Components/Banner",
      "importPath": "./stories/components/Banner/Banner.stories.tsx",
      "kind": "Components/Banner",
      "story": "Banner Primary",
      "parameters": {
        "fileName": "./stories/components/Banner/Banner.stories.tsx",
        "framework": "react",
        "__id": "components-banner--banner-primary",
        "__isArgsStory": true
      }
    },
    "components-collapsible--collapsible-primary": {
      "id": "components-collapsible--collapsible-primary",
      "name": "Collapsible Primary",
      "title": "Components/Collapsible",
      "importPath": "./stories/components/Collapsible/Collapsible.stories.tsx",
      "kind": "Components/Collapsible",
      "story": "Collapsible Primary",
      "parameters": {
        "fileName": "./stories/components/Collapsible/Collapsible.stories.tsx",
        "framework": "react",
        "__id": "components-collapsible--collapsible-primary",
        "__isArgsStory": false
      }
    },
    "components-collapsible--collapsible-two-primary": {
      "id": "components-collapsible--collapsible-two-primary",
      "name": "Collapsible Two Primary",
      "title": "Components/Collapsible",
      "importPath": "./stories/components/Collapsible/Collapsible.stories.tsx",
      "kind": "Components/Collapsible",
      "story": "Collapsible Two Primary",
      "parameters": {
        "fileName": "./stories/components/Collapsible/Collapsible.stories.tsx",
        "framework": "react",
        "__id": "components-collapsible--collapsible-two-primary",
        "__isArgsStory": false
      }
    },
    "components-chart--donut-chart-primary": {
      "id": "components-chart--donut-chart-primary",
      "name": "Donut Chart Primary",
      "title": "Components/Chart",
      "importPath": "./stories/components/DonutChart/DonutChart.stories.tsx",
      "kind": "Components/Chart",
      "story": "Donut Chart Primary",
      "parameters": {
        "fileName": "./stories/components/DonutChart/DonutChart.stories.tsx",
        "framework": "react",
        "__id": "components-chart--donut-chart-primary",
        "__isArgsStory": false
      }
    },
    "components-dropdown--dropdown-list": {
      "id": "components-dropdown--dropdown-list",
      "name": "Dropdown List",
      "title": "Components/Dropdown",
      "importPath": "./stories/components/Dropdown/Dropdown.stories.tsx",
      "kind": "Components/Dropdown",
      "story": "Dropdown List",
      "parameters": {
        "fileName": "./stories/components/Dropdown/Dropdown.stories.tsx",
        "framework": "react",
        "__id": "components-dropdown--dropdown-list",
        "__isArgsStory": false
      }
    },
    "components-dropdown--dateofbirth-list": {
      "id": "components-dropdown--dateofbirth-list",
      "name": "Dateofbirth List",
      "title": "Components/Dropdown",
      "importPath": "./stories/components/Dropdown/Dropdown.stories.tsx",
      "kind": "Components/Dropdown",
      "story": "Dateofbirth List",
      "parameters": {
        "fileName": "./stories/components/Dropdown/Dropdown.stories.tsx",
        "framework": "react",
        "__id": "components-dropdown--dateofbirth-list",
        "__isArgsStory": false
      }
    },
    "components-imagetitlecontent--image-title-content-primary": {
      "id": "components-imagetitlecontent--image-title-content-primary",
      "name": "Image Title Content Primary",
      "title": "Components/ImageTitleContent",
      "importPath": "./stories/components/ImageTitleContent/ImageTitleContent.stories.tsx",
      "kind": "Components/ImageTitleContent",
      "story": "Image Title Content Primary",
      "parameters": {
        "fileName": "./stories/components/ImageTitleContent/ImageTitleContent.stories.tsx",
        "framework": "react",
        "__id": "components-imagetitlecontent--image-title-content-primary",
        "__isArgsStory": false
      }
    },
    "components-input--state": {
      "id": "components-input--state",
      "name": "State",
      "title": "Components/Input",
      "importPath": "./stories/components/Input/Input.stories.tsx",
      "kind": "Components/Input",
      "story": "State",
      "parameters": {
        "fileName": "./stories/components/Input/Input.stories.tsx",
        "framework": "react",
        "__id": "components-input--state",
        "__isArgsStory": false
      }
    },
    "components-input--type": {
      "id": "components-input--type",
      "name": "Type",
      "title": "Components/Input",
      "importPath": "./stories/components/Input/Input.stories.tsx",
      "kind": "Components/Input",
      "story": "Type",
      "parameters": {
        "fileName": "./stories/components/Input/Input.stories.tsx",
        "framework": "react",
        "__id": "components-input--type",
        "__isArgsStory": false
      }
    },
    "components-input--password-input": {
      "id": "components-input--password-input",
      "name": "Password Input",
      "title": "Components/Input",
      "importPath": "./stories/components/Input/Input.stories.tsx",
      "kind": "Components/Input",
      "story": "Password Input",
      "parameters": {
        "fileName": "./stories/components/Input/Input.stories.tsx",
        "framework": "react",
        "__id": "components-input--password-input",
        "__isArgsStory": false
      }
    },
    "components-input--country-telephone-number-input": {
      "id": "components-input--country-telephone-number-input",
      "name": "Country Telephone Number Input",
      "title": "Components/Input",
      "importPath": "./stories/components/Input/Input.stories.tsx",
      "kind": "Components/Input",
      "story": "Country Telephone Number Input",
      "parameters": {
        "fileName": "./stories/components/Input/Input.stories.tsx",
        "framework": "react",
        "__id": "components-input--country-telephone-number-input",
        "__isArgsStory": false
      }
    },
    "components-input--hkid-number-input": {
      "id": "components-input--hkid-number-input",
      "name": "HKID Number Input",
      "title": "Components/Input",
      "importPath": "./stories/components/Input/Input.stories.tsx",
      "kind": "Components/Input",
      "story": "HKID Number Input",
      "parameters": {
        "fileName": "./stories/components/Input/Input.stories.tsx",
        "framework": "react",
        "__id": "components-input--hkid-number-input",
        "__isArgsStory": false
      }
    },
    "components-input--contextual-help-input": {
      "id": "components-input--contextual-help-input",
      "name": "Contextual Help Input",
      "title": "Components/Input",
      "importPath": "./stories/components/Input/Input.stories.tsx",
      "kind": "Components/Input",
      "story": "Contextual Help Input",
      "parameters": {
        "fileName": "./stories/components/Input/Input.stories.tsx",
        "framework": "react",
        "__id": "components-input--contextual-help-input",
        "__isArgsStory": false
      }
    },
    "components-level--level-primary": {
      "id": "components-level--level-primary",
      "name": "Level Primary",
      "title": "Components/Level",
      "importPath": "./stories/components/Level/Level.stories.tsx",
      "kind": "Components/Level",
      "story": "Level Primary",
      "parameters": {
        "fileName": "./stories/components/Level/Level.stories.tsx",
        "framework": "react",
        "__id": "components-level--level-primary",
        "__isArgsStory": false
      }
    },
    "components-list--list-cell-primary": {
      "id": "components-list--list-cell-primary",
      "name": "List Cell Primary",
      "title": "Components/List",
      "importPath": "./stories/components/ListTable/ListTable.stories.tsx",
      "kind": "Components/List",
      "story": "List Cell Primary",
      "parameters": {
        "fileName": "./stories/components/ListTable/ListTable.stories.tsx",
        "framework": "react",
        "__id": "components-list--list-cell-primary",
        "__isArgsStory": false
      }
    },
    "components-list--list-table-primary": {
      "id": "components-list--list-table-primary",
      "name": "List Table Primary",
      "title": "Components/List",
      "importPath": "./stories/components/ListTable/ListTable.stories.tsx",
      "kind": "Components/List",
      "story": "List Table Primary",
      "parameters": {
        "fileName": "./stories/components/ListTable/ListTable.stories.tsx",
        "framework": "react",
        "__id": "components-list--list-table-primary",
        "__isArgsStory": false
      }
    },
    "components-modal--dialog-primary": {
      "id": "components-modal--dialog-primary",
      "name": "Dialog Primary",
      "title": "Components/Modal",
      "importPath": "./stories/components/Modal/Modal.stories.tsx",
      "kind": "Components/Modal",
      "story": "Dialog Primary",
      "parameters": {
        "fileName": "./stories/components/Modal/Modal.stories.tsx",
        "framework": "react",
        "__id": "components-modal--dialog-primary",
        "__isArgsStory": false
      }
    },
    "components-modal--simple-modal": {
      "id": "components-modal--simple-modal",
      "name": "Simple Modal",
      "title": "Components/Modal",
      "importPath": "./stories/components/Modal/Modal.stories.tsx",
      "kind": "Components/Modal",
      "story": "Simple Modal",
      "parameters": {
        "fileName": "./stories/components/Modal/Modal.stories.tsx",
        "framework": "react",
        "__id": "components-modal--simple-modal",
        "__isArgsStory": false
      }
    },
    "components-modal--page-modal": {
      "id": "components-modal--page-modal",
      "name": "Page Modal",
      "title": "Components/Modal",
      "importPath": "./stories/components/Modal/Modal.stories.tsx",
      "kind": "Components/Modal",
      "story": "Page Modal",
      "parameters": {
        "fileName": "./stories/components/Modal/Modal.stories.tsx",
        "framework": "react",
        "__id": "components-modal--page-modal",
        "__isArgsStory": false
      }
    },
    "components-modal--detail-modal": {
      "id": "components-modal--detail-modal",
      "name": "Detail Modal",
      "title": "Components/Modal",
      "importPath": "./stories/components/Modal/Modal.stories.tsx",
      "kind": "Components/Modal",
      "story": "Detail Modal",
      "parameters": {
        "fileName": "./stories/components/Modal/Modal.stories.tsx",
        "framework": "react",
        "__id": "components-modal--detail-modal",
        "__isArgsStory": false
      }
    },
    "components-notification--notification-primary": {
      "id": "components-notification--notification-primary",
      "name": "Notification Primary",
      "title": "Components/Notification",
      "importPath": "./stories/components/Notification/Notification.stories.tsx",
      "kind": "Components/Notification",
      "story": "Notification Primary",
      "parameters": {
        "fileName": "./stories/components/Notification/Notification.stories.tsx",
        "framework": "react",
        "__id": "components-notification--notification-primary",
        "__isArgsStory": true
      }
    },
    "components-policycard--policy-card-primary": {
      "id": "components-policycard--policy-card-primary",
      "name": "Policy Card Primary",
      "title": "Components/PolicyCard",
      "importPath": "./stories/components/PolicyCard/PolicyCard.stories.tsx",
      "kind": "Components/PolicyCard",
      "story": "Policy Card Primary",
      "parameters": {
        "fileName": "./stories/components/PolicyCard/PolicyCard.stories.tsx",
        "framework": "react",
        "__id": "components-policycard--policy-card-primary",
        "__isArgsStory": false
      }
    },
    "components-smallbutton--default": {
      "id": "components-smallbutton--default",
      "name": "Default",
      "title": "Components/SmallButton",
      "importPath": "./stories/components/SmallButton/SmallButton.stories.tsx",
      "kind": "Components/SmallButton",
      "story": "Default",
      "parameters": {
        "fileName": "./stories/components/SmallButton/SmallButton.stories.tsx",
        "framework": "react",
        "__id": "components-smallbutton--default",
        "__isArgsStory": true
      }
    },
    "components-step--step-primary": {
      "id": "components-step--step-primary",
      "name": "Step Primary",
      "title": "Components/Step",
      "importPath": "./stories/components/Step/Step.stories.tsx",
      "kind": "Components/Step",
      "story": "Step Primary",
      "parameters": {
        "fileName": "./stories/components/Step/Step.stories.tsx",
        "framework": "react",
        "__id": "components-step--step-primary",
        "__isArgsStory": false
      }
    },
    "example-tab--tab-primary": {
      "id": "example-tab--tab-primary",
      "name": "Tab Primary",
      "title": "Example/Tab",
      "importPath": "./stories/components/Tab/Tab.stories.tsx",
      "kind": "Example/Tab",
      "story": "Tab Primary",
      "parameters": {
        "fileName": "./stories/components/Tab/Tab.stories.tsx",
        "framework": "react",
        "__id": "example-tab--tab-primary",
        "__isArgsStory": false
      }
    },
    "components-timepicker--time-picker-primary": {
      "id": "components-timepicker--time-picker-primary",
      "name": "Time Picker Primary",
      "title": "Components/TimePicker",
      "importPath": "./stories/components/TimePicker/TimePicker.stories.tsx",
      "kind": "Components/TimePicker",
      "story": "Time Picker Primary",
      "parameters": {
        "fileName": "./stories/components/TimePicker/TimePicker.stories.tsx",
        "framework": "react",
        "__id": "components-timepicker--time-picker-primary",
        "__isArgsStory": false
      }
    },
    "components-toggle--default": {
      "id": "components-toggle--default",
      "name": "Default",
      "title": "Components/Toggle",
      "importPath": "./stories/components/Toggle/Toggle.stories.tsx",
      "kind": "Components/Toggle",
      "story": "Default",
      "parameters": {
        "fileName": "./stories/components/Toggle/Toggle.stories.tsx",
        "framework": "react",
        "__id": "components-toggle--default",
        "__isArgsStory": true
      }
    },
    "components-transparentbutton--transparent-button-primary": {
      "id": "components-transparentbutton--transparent-button-primary",
      "name": "Transparent Button Primary",
      "title": "Components/TransparentButton",
      "importPath": "./stories/components/TransparentButton/TransparentButton.stories.tsx",
      "kind": "Components/TransparentButton",
      "story": "Transparent Button Primary",
      "parameters": {
        "fileName": "./stories/components/TransparentButton/TransparentButton.stories.tsx",
        "framework": "react",
        "__id": "components-transparentbutton--transparent-button-primary",
        "__isArgsStory": false
      }
    },
    "example-button--primary": {
      "id": "example-button--primary",
      "name": "Primary",
      "title": "Example/Button",
      "importPath": "./stories/examples/Button/Button.stories.tsx",
      "kind": "Example/Button",
      "story": "Primary",
      "parameters": {
        "fileName": "./stories/examples/Button/Button.stories.tsx",
        "framework": "react",
        "__id": "example-button--primary",
        "__isArgsStory": false
      }
    },
    "example-button--secondary": {
      "id": "example-button--secondary",
      "name": "Secondary",
      "title": "Example/Button",
      "importPath": "./stories/examples/Button/Button.stories.tsx",
      "kind": "Example/Button",
      "story": "Secondary",
      "parameters": {
        "fileName": "./stories/examples/Button/Button.stories.tsx",
        "framework": "react",
        "__id": "example-button--secondary",
        "__isArgsStory": false
      }
    },
    "example-button--white": {
      "id": "example-button--white",
      "name": "White",
      "title": "Example/Button",
      "importPath": "./stories/examples/Button/Button.stories.tsx",
      "kind": "Example/Button",
      "story": "White",
      "parameters": {
        "fileName": "./stories/examples/Button/Button.stories.tsx",
        "framework": "react",
        "__id": "example-button--white",
        "__isArgsStory": false
      }
    },
    "example-checkbox--checkbox-primary": {
      "id": "example-checkbox--checkbox-primary",
      "name": "Checkbox Primary",
      "title": "Example/Checkbox",
      "importPath": "./stories/examples/Checkbox/Checkbox.stories.tsx",
      "kind": "Example/Checkbox",
      "story": "Checkbox Primary",
      "parameters": {
        "fileName": "./stories/examples/Checkbox/Checkbox.stories.tsx",
        "framework": "react",
        "__id": "example-checkbox--checkbox-primary",
        "__isArgsStory": false
      }
    },
    "example-content-listing--content-listing-primary": {
      "id": "example-content-listing--content-listing-primary",
      "name": "Content Listing Primary",
      "title": "Example/Content Listing",
      "importPath": "./stories/examples/ContentListing/ContentListing.stories.tsx",
      "kind": "Example/Content Listing",
      "story": "Content Listing Primary",
      "parameters": {
        "fileName": "./stories/examples/ContentListing/ContentListing.stories.tsx",
        "framework": "react",
        "__id": "example-content-listing--content-listing-primary",
        "__isArgsStory": false
      }
    },
    "example-grid-system--grid-system-primary": {
      "id": "example-grid-system--grid-system-primary",
      "name": "Grid System Primary",
      "title": "Example/Grid System",
      "importPath": "./stories/examples/GridSystem/GridSystem.stories.tsx",
      "kind": "Example/Grid System",
      "story": "Grid System Primary",
      "parameters": {
        "fileName": "./stories/examples/GridSystem/GridSystem.stories.tsx",
        "framework": "react",
        "__id": "example-grid-system--grid-system-primary",
        "__isArgsStory": false
      }
    },
    "example-loading--loading-primary": {
      "id": "example-loading--loading-primary",
      "name": "Loading Primary",
      "title": "Example/Loading",
      "importPath": "./stories/examples/Loading/Loading.stories.tsx",
      "kind": "Example/Loading",
      "story": "Loading Primary",
      "parameters": {
        "fileName": "./stories/examples/Loading/Loading.stories.tsx",
        "framework": "react",
        "__id": "example-loading--loading-primary",
        "__isArgsStory": false
      }
    },
    "example-page-demo--form-page-demo": {
      "id": "example-page-demo--form-page-demo",
      "name": "Form Page Demo",
      "title": "Example/Page Demo",
      "importPath": "./stories/examples/PageDemo/PageDemo.stories.tsx",
      "kind": "Example/Page Demo",
      "story": "Form Page Demo",
      "parameters": {
        "fileName": "./stories/examples/PageDemo/PageDemo.stories.tsx",
        "framework": "react",
        "__id": "example-page-demo--form-page-demo",
        "__isArgsStory": false
      }
    },
    "example-page-demo--review-page-demo": {
      "id": "example-page-demo--review-page-demo",
      "name": "Review Page Demo",
      "title": "Example/Page Demo",
      "importPath": "./stories/examples/PageDemo/PageDemo.stories.tsx",
      "kind": "Example/Page Demo",
      "story": "Review Page Demo",
      "parameters": {
        "fileName": "./stories/examples/PageDemo/PageDemo.stories.tsx",
        "framework": "react",
        "__id": "example-page-demo--review-page-demo",
        "__isArgsStory": false
      }
    }
  }
}