{
  "v": 2,
  "globalParameters": {},
  "kindParameters": {
    "organisms/Banner": {
      "fileName": 912,
      "framework": "react"
    },
    "Atom/Button": {
      "fileName": 929,
      "framework": "react"
    },
    "Atom/Card": {
      "fileName": 930,
      "framework": "react"
    },
    "Atom/Heading": {
      "fileName": 931,
      "framework": "react"
    },
    "organisms/LoadingView": {
      "fileName": 933,
      "framework": "react"
    },
    "Atom/Text": {
      "fileName": 934,
      "framework": "react"
    },
    "Atom/TouchableOpacity": {
      "fileName": 935,
      "framework": "react"
    }
  },
  "stories": {
    "organisms-banner--primary": {
      "id": "organisms-banner--primary",
      "name": "Primary",
      "kind": "organisms/Banner",
      "story": "Primary",
      "parameters": {
        "__id": "organisms-banner--primary",
        "__isArgsStory": true
      }
    },
    "atom-button--primary": {
      "id": "atom-button--primary",
      "name": "Primary",
      "kind": "Atom/Button",
      "story": "Primary",
      "parameters": {
        "__id": "atom-button--primary",
        "__isArgsStory": true
      }
    },
    "atom-card--primary": {
      "id": "atom-card--primary",
      "name": "Primary",
      "kind": "Atom/Card",
      "story": "Primary",
      "parameters": {
        "__id": "atom-card--primary",
        "__isArgsStory": true
      }
    },
    "atom-heading--primary": {
      "id": "atom-heading--primary",
      "name": "Primary",
      "kind": "Atom/Heading",
      "story": "Primary",
      "parameters": {
        "__id": "atom-heading--primary",
        "__isArgsStory": true
      }
    },
    "atom-heading--large": {
      "id": "atom-heading--large",
      "name": "Large",
      "kind": "Atom/Heading",
      "story": "Large",
      "parameters": {
        "__id": "atom-heading--large",
        "__isArgsStory": true
      }
    },
    "organisms-loadingview--primary": {
      "id": "organisms-loadingview--primary",
      "name": "Primary",
      "kind": "organisms/LoadingView",
      "story": "Primary",
      "parameters": {
        "__id": "organisms-loadingview--primary",
        "__isArgsStory": true
      }
    },
    "atom-text--default": {
      "id": "atom-text--default",
      "name": "Default",
      "kind": "Atom/Text",
      "story": "Default",
      "parameters": {
        "__id": "atom-text--default",
        "__isArgsStory": true
      }
    },
    "atom-text--primary": {
      "id": "atom-text--primary",
      "name": "Primary",
      "kind": "Atom/Text",
      "story": "Primary",
      "parameters": {
        "__id": "atom-text--primary",
        "__isArgsStory": true
      }
    },
    "atom-text--error": {
      "id": "atom-text--error",
      "name": "Error",
      "kind": "Atom/Text",
      "story": "Error",
      "parameters": {
        "__id": "atom-text--error",
        "__isArgsStory": true
      }
    },
    "atom-text--optional": {
      "id": "atom-text--optional",
      "name": "Optional",
      "kind": "Atom/Text",
      "story": "Optional",
      "parameters": {
        "__id": "atom-text--optional",
        "__isArgsStory": true
      }
    },
    "atom-touchableopacity--default": {
      "id": "atom-touchableopacity--default",
      "name": "Default",
      "kind": "Atom/TouchableOpacity",
      "story": "Default",
      "parameters": {
        "__id": "atom-touchableopacity--default",
        "__isArgsStory": true
      }
    }
  }
}